,Room_Id,Room_uniqueId,ElementId,Element_uniqueId,Width,Height,Perpendicular_walls_id,Perpendicular_walls_count,Parallel_walls_id,Parallel_walls_count,Distance_to_parall,Distance_to_parall_mi,Distance_to_parall_mean,Distance_to_parall_ma,Nearest_walls_id,Angles_to_walls,Angles_to_walls_mi,Angles_to_walls_mean,Angles_to_walls_ma
0,857191,e6ac360b-aaed-4c3b-a130-36b4c2ac9d13-000d1467,428588,c85e5be0-d8d5-4148-836f-b55e711ef373-00068a2c,0.202,3.300000000000086,"[418183, 428797, None, 430859, None, None, 429964]",7,"[None, None, 428745, None, 430064, 497540, None]",7,"[None, None, 6.0, None, 1.38, 2.7, None]",1.38,3.36,6.0,"[None, 428797, None, 430859, None, None, 429964]","[90, 90, 0, 90, 0, 0, 90]",0,51.429,90
1,857191,e6ac360b-aaed-4c3b-a130-36b4c2ac9d13-000d1467,428797,c85e5be0-d8d5-4148-836f-b55e711ef373-00068afd,0.024999999999999998,3.0000000000000004,"[418183, 428588, 428745, None, 430064, 497540, None]",7,"[None, None, None, 430859, None, None, 429964]",7,"[None, None, None, 3.438, None, None, 5.878]",3.438,4.658,5.878,"[None, 428588, 428745, None, 430064, 497540, None]","[90, 90, 90, 0, 90, 90, 0]",0,64.286,90
2,857191,e6ac360b-aaed-4c3b-a130-36b4c2ac9d13-000d1467,428745,c85e5be0-d8d5-4148-836f-b55e711ef373-00068ac9,0.202,3.5000000000000004,"[418183, None, 428797, 430859, None, None, 429964]",7,"[None, 428588, None, None, 430064, 497540, None]",7,"[None, 6.0, None, None, 4.5, 3.18, None]",3.18,4.5600000000000005,6.0,"[None, None, 428797, 430859, None, None, 429964]","[90, 0, 90, 90, 0, 0, 90]",0,51.429,90
3,857191,e6ac360b-aaed-4c3b-a130-36b4c2ac9d13-000d1467,430859,2fc77d67-1af0-4a43-aa66-c544d411df04-0006930b,0.12,3.0000000000000004,"[418183, 428588, None, 428745, 430064, 497540, None]",7,"[None, None, 428797, None, None, None, 429964]",7,"[None, None, 3.438, None, None, None, 2.32]",2.32,2.879,3.438,"[None, 428588, None, 428745, 430064, 497540, None]","[90, 90, 0, 90, 90, 90, 0]",0,64.286,90
4,857191,e6ac360b-aaed-4c3b-a130-36b4c2ac9d13-000d1467,430064,2fc77d67-1af0-4a43-aa66-c544d411df04-00068ff0,0.12,3.0000000000000004,"[418183, None, 428797, None, 430859, None, 429964]",7,"[None, 428588, None, 428745, None, 497540, None]",7,"[None, 1.38, None, 4.5, None, 1.2, None]",1.2,2.36,4.5,"[None, None, 428797, None, 430859, None, 429964]","[90, 0, 90, 0, 90, 0, 90]",0,51.429,90
5,857191,e6ac360b-aaed-4c3b-a130-36b4c2ac9d13-000d1467,497540,6dd03812-90e2-4279-9751-5fbc3584962d-00079784,0.12,3.0000000000000004,"[418183, None, 428797, None, 430859, None, 429964]",7,"[None, 428588, None, 428745, None, 430064, None]",7,"[None, 2.7, None, 3.18, None, 1.2, None]",1.2,2.3600000000000003,3.18,"[None, None, 428797, None, 430859, None, 429964]","[90, 0, 90, 0, 90, 0, 90]",0,51.429,90
6,857191,e6ac360b-aaed-4c3b-a130-36b4c2ac9d13-000d1467,429964,2fc77d67-1af0-4a43-aa66-c544d411df04-00068f8c,0.12,3.0000000000000004,"[418183, 428588, None, 428745, None, 430064, 497540]",7,"[None, None, 428797, None, 430859, None, None]",7,"[None, None, 5.878, None, 2.32, None, None]",2.32,4.099,5.878,"[None, 428588, None, 428745, None, 430064, 497540]","[90, 90, 0, 90, 0, 90, 90]",0,64.286,90
7,857194,e6ac360b-aaed-4c3b-a130-36b4c2ac9d13-000d146a,428745,c85e5be0-d8d5-4148-836f-b55e711ef373-00068ac9,0.202,3.5000000000000004,"[418183, 429964, None, 506797, None, 430859]",6,"[None, None, 497540, None, 506386, None]",6,"[None, None, 3.18, None, 2.16, None]",2.16,2.67,3.18,"[None, 429964, None, 506797, None, 430859]","[90, 90, 0, 90, 0, 90]",0,60,90
8,857194,e6ac360b-aaed-4c3b-a130-36b4c2ac9d13-000d146a,429964,2fc77d67-1af0-4a43-aa66-c544d411df04-00068f8c,0.12,3.0000000000000004,"[418183, 428745, 497540, None, 506386, None]",6,"[None, None, None, 506797, None, 430859]",6,"[None, None, None, 1.13, None, 2.32]",1.13,1.7249999999999999,2.32,"[None, 428745, 497540, None, 506386, None]","[90, 90, 90, 0, 90, 0]",0,60,90
9,857194,e6ac360b-aaed-4c3b-a130-36b4c2ac9d13-000d146a,497540,6dd03812-90e2-4279-9751-5fbc3584962d-00079784,0.12,3.0000000000000004,"[418183, None, 429964, 506797, None, 430859]",6,"[None, 428745, None, None, 506386, None]",6,"[None, 3.18, None, None, 0.9, None]",0.9,2.04,3.18,"[None, None, 429964, 506797, None, 430859]","[90, 0, 90, 90, 0, 90]",0,60,90
10,857194,e6ac360b-aaed-4c3b-a130-36b4c2ac9d13-000d146a,506797,96834e54-f091-4317-9b1a-bbe8b647201d-0007bbad,0.12,3.0000000000000004,"[418183, 428745, None, 497540, 506386, None]",6,"[None, None, 429964, None, None, 430859]",6,"[None, None, 1.13, None, None, 1.07]",1.07,1.1,1.13,"[None, 428745, None, 497540, 506386, None]","[90, 90, 0, 90, 90, 0]",0,60,90
11,857194,e6ac360b-aaed-4c3b-a130-36b4c2ac9d13-000d146a,506386,96834e54-f091-4317-9b1a-bbe8b647201d-0007ba12,0.12,3.0000000000000004,"[418183, None, 429964, None, 506797, 430859]",6,"[None, 428745, None, 497540, None, None]",6,"[None, 2.16, None, 0.9, None, None]",0.9,1.53,2.16,"[None, None, 429964, None, 506797, 430859]","[90, 0, 90, 0, 90, 90]",0,60,90
12,857194,e6ac360b-aaed-4c3b-a130-36b4c2ac9d13-000d146a,430859,2fc77d67-1af0-4a43-aa66-c544d411df04-0006930b,0.12,3.0000000000000004,"[418183, 428745, None, 497540, None, 506386]",6,"[None, None, 429964, None, 506797, None]",6,"[None, None, 2.32, None, 1.07, None]",1.07,1.6949999999999998,2.32,"[None, 428745, None, 497540, None, 506386]","[90, 90, 0, 90, 0, 90]",0,60,90
13,857197,e6ac360b-aaed-4c3b-a130-36b4c2ac9d13-000d146d,428745,c85e5be0-d8d5-4148-836f-b55e711ef373-00068ac9,0.202,3.5000000000000004,"[418183, 937935, None, 430318, None, 429964]",6,"[None, None, 430361, None, 430064, None]",6,"[None, None, 1.676, None, 4.5, None]",1.676,3.088,4.5,"[None, 937935, None, 430318, None, 429964]","[90, 90, 0, 90, 0, 90]",0,60,90
14,857197,e6ac360b-aaed-4c3b-a130-36b4c2ac9d13-000d146d,937935,bac06658-19d8-494b-b87a-559081499f8f-000e4fcf,0.12,3.0000000000000004,"[418183, 428745, 430361, None, 430064, None]",6,"[None, None, None, 430318, None, 429964]",6,"[None, None, None, 0.264, None, 3.324]",0.264,1.794,3.324,"[None, 428745, 430361, None, 430064, None]","[90, 90, 90, 0, 90, 0]",0,60,90
15,857197,e6ac360b-aaed-4c3b-a130-36b4c2ac9d13-000d146d,430361,2fc77d67-1af0-4a43-aa66-c544d411df04-00069119,0.12,3.0000000000000004,"[418183, None, 937935, 430318, None, 429964]",6,"[None, 428745, None, None, 430064, None]",6,"[None, 1.676, None, None, 2.704, None]",1.676,2.19,2.704,"[None, None, 937935, 430318, None, 429964]","[90, 0, 90, 90, 0, 90]",0,60,90
16,857197,e6ac360b-aaed-4c3b-a130-36b4c2ac9d13-000d146d,430318,2fc77d67-1af0-4a43-aa66-c544d411df04-000690ee,0.12,3.0000000000000004,"[418183, 428745, None, 430361, 430064, None]",6,"[None, None, 937935, None, None, 429964]",6,"[None, None, 0.264, None, None, 2.94]",0.264,1.6019999999999999,2.94,"[None, 428745, None, 430361, 430064, None]","[90, 90, 0, 90, 90, 0]",0,60,90
17,857197,e6ac360b-aaed-4c3b-a130-36b4c2ac9d13-000d146d,430064,2fc77d67-1af0-4a43-aa66-c544d411df04-00068ff0,0.12,3.0000000000000004,"[418183, None, 937935, None, 430318, 429964]",6,"[None, 428745, None, 430361, None, None]",6,"[None, 4.5, None, 2.704, None, None]",2.704,3.6020000000000003,4.5,"[None, None, 937935, None, 430318, 429964]","[90, 0, 90, 0, 90, 90]",0,60,90
18,857197,e6ac360b-aaed-4c3b-a130-36b4c2ac9d13-000d146d,429964,2fc77d67-1af0-4a43-aa66-c544d411df04-00068f8c,0.12,3.0000000000000004,"[418183, 428745, None, 430361, None, 430064]",6,"[None, None, 937935, None, 430318, None]",6,"[None, None, 3.324, None, 2.94, None]",2.94,3.1319999999999997,3.324,"[None, 428745, None, 430361, None, 430064]","[90, 90, 0, 90, 0, 90]",0,60,90
19,857200,e6ac360b-aaed-4c3b-a130-36b4c2ac9d13-000d1470,428745,c85e5be0-d8d5-4148-836f-b55e711ef373-00068ac9,0.202,3.5000000000000004,"[418183, 430412, None, 937935]",4,"[None, None, 430361, None]",4,"[None, None, 1.676, None]",1.676,1.676,1.676,"[None, 430412, None, 937935]","[90, 90, 0, 90]",0,67.5,90
20,857200,e6ac360b-aaed-4c3b-a130-36b4c2ac9d13-000d1470,430412,2fc77d67-1af0-4a43-aa66-c544d411df04-0006914c,0.12,3.0000000000000004,"[418183, 428745, 430361, None]",4,"[None, None, None, 937935]",4,"[None, None, None, 2.376]",2.376,2.376,2.376,"[None, 428745, 430361, None]","[90, 90, 90, 0]",0,67.5,90
21,857200,e6ac360b-aaed-4c3b-a130-36b4c2ac9d13-000d1470,430361,2fc77d67-1af0-4a43-aa66-c544d411df04-00069119,0.12,3.0000000000000004,"[418183, None, 430412, 937935]",4,"[None, 428745, None, None]",4,"[None, 1.676, None, None]",1.676,1.676,1.676,"[None, None, 430412, 937935]","[90, 0, 90, 90]",0,67.5,90
22,857200,e6ac360b-aaed-4c3b-a130-36b4c2ac9d13-000d1470,937935,bac06658-19d8-494b-b87a-559081499f8f-000e4fcf,0.12,3.0000000000000004,"[418183, 428745, None, 430361]",4,"[None, None, 430412, None]",4,"[None, None, 2.376, None]",2.376,2.376,2.376,"[None, 428745, None, 430361]","[90, 90, 0, 90]",0,67.5,90
23,857203,e6ac360b-aaed-4c3b-a130-36b4c2ac9d13-000d1473,430318,2fc77d67-1af0-4a43-aa66-c544d411df04-000690ee,0.12,3.0000000000000004,"[418183, 768442, None, 939084]",4,"[None, None, 938974, None]",4,"[None, None, 2.375, None]",2.375,2.375,2.375,"[None, 768442, None, 939084]","[90, 90, 0, 90]",0,67.5,90
24,857203,e6ac360b-aaed-4c3b-a130-36b4c2ac9d13-000d1473,768442,3195d1cb-ca2c-4181-b9c0-51da296667aa-000bb9ba,0.12,3.0000000000000004,"[418183, 430318, 938974, None]",4,"[None, None, None, 939084]",4,"[None, None, None, 1.676]",1.676,1.676,1.676,"[None, 430318, 938974, None]","[90, 90, 90, 0]",0,67.5,90
25,857203,e6ac360b-aaed-4c3b-a130-36b4c2ac9d13-000d1473,938974,bac06658-19d8-494b-b87a-559081499f8f-000e53de,0.12,3.0000000000000004,"[418183, None, 768442, 939084]",4,"[None, 430318, None, None]",4,"[None, 2.375, None, None]",2.375,2.375,2.375,"[None, None, 768442, 939084]","[90, 0, 90, 90]",0,67.5,90
26,857203,e6ac360b-aaed-4c3b-a130-36b4c2ac9d13-000d1473,939084,bac06658-19d8-494b-b87a-559081499f8f-000e544c,0.12,3.0000000000000004,"[418183, 430318, None, 938974]",4,"[None, None, 768442, None]",4,"[None, None, 1.676, None]",1.676,1.676,1.676,"[None, 430318, None, 938974]","[90, 90, 0, 90]",0,67.5,90
27,857206,e6ac360b-aaed-4c3b-a130-36b4c2ac9d13-000d1476,234869,88b03b05-80d3-484f-8022-471f61604c8d-00039575,0.202,3.4462201194526494,"[418183, 430064, None, 768442, None, 428745]",6,"[None, None, 938974, None, 430412, None]",6,"[None, None, 3.224, None, 2.839, None]",2.839,3.0315000000000003,3.224,"[None, 430064, None, 768442, None, 428745]","[90, 90, 0, 90, 0, 90]",0,60,90
28,857206,e6ac360b-aaed-4c3b-a130-36b4c2ac9d13-000d1476,430064,2fc77d67-1af0-4a43-aa66-c544d411df04-00068ff0,0.12,3.0000000000000004,"[418183, 234869, 938974, None, 430412, None]",6,"[None, None, None, 768442, None, 428745]",6,"[None, None, None, 2.384, None, 4.5]",2.384,3.442,4.5,"[None, 234869, 938974, None, 430412, None]","[90, 90, 90, 0, 90, 0]",0,60,90
29,857206,e6ac360b-aaed-4c3b-a130-36b4c2ac9d13-000d1476,938974,bac06658-19d8-494b-b87a-559081499f8f-000e53de,0.12,3.0000000000000004,"[418183, None, 430064, 768442, None, 428745]",6,"[None, 234869, None, None, 430412, None]",6,"[None, 3.224, None, None, 0.265, None]",0.265,1.7445000000000002,3.224,"[None, None, 430064, 768442, None, 428745]","[90, 0, 90, 90, 0, 90]",0,60,90
30,857206,e6ac360b-aaed-4c3b-a130-36b4c2ac9d13-000d1476,768442,3195d1cb-ca2c-4181-b9c0-51da296667aa-000bb9ba,0.12,3.0000000000000004,"[418183, 234869, None, 938974, 430412, None]",6,"[None, None, 430064, None, None, 428745]",6,"[None, None, 2.384, None, None, 1.996]",1.996,2.19,2.384,"[None, 234869, None, 938974, 430412, None]","[90, 90, 0, 90, 90, 0]",0,60,90
31,857206,e6ac360b-aaed-4c3b-a130-36b4c2ac9d13-000d1476,430412,2fc77d67-1af0-4a43-aa66-c544d411df04-0006914c,0.12,3.0000000000000004,"[418183, None, 430064, None, 768442, 428745]",6,"[None, 234869, None, 938974, None, None]",6,"[None, 2.839, None, 0.265, None, None]",0.265,1.552,2.839,"[None, None, 430064, None, 768442, 428745]","[90, 0, 90, 0, 90, 90]",0,60,90
32,857206,e6ac360b-aaed-4c3b-a130-36b4c2ac9d13-000d1476,428745,c85e5be0-d8d5-4148-836f-b55e711ef373-00068ac9,0.202,3.5000000000000004,"[418183, 234869, None, 938974, None, 430412]",6,"[None, None, 430064, None, 768442, None]",6,"[None, None, 4.5, None, 1.996, None]",1.996,3.248,4.5,"[None, 234869, None, 938974, None, 430412]","[90, 90, 0, 90, 0, 90]",0,60,90
33,857209,e6ac360b-aaed-4c3b-a130-36b4c2ac9d13-000d1479,234869,88b03b05-80d3-484f-8022-471f61604c8d-00039575,0.202,3.4462201194526494,"[418183, 709245, 428588, None, 430064]",5,"[None, None, None, 429964, None]",5,"[None, None, None, 8.779, None]",8.779,8.779,8.779,"[None, 709245, 428588, None, 430064]","[90, 90, 90, 0, 90]",0,72,90
34,857209,e6ac360b-aaed-4c3b-a130-36b4c2ac9d13-000d1479,709245,e2eeab38-f437-4dce-846b-cb64191c9fcc-000ad27d,0.024999999999999998,2.7,"[418183, 234869, None, 429964, None]",5,"[None, None, 428588, None, 430064]",5,"[None, None, 6.052, None, 4.552]",4.552,5.302,6.052,"[None, 234869, None, 429964, None]","[90, 90, 0, 90, 0]",0,54,90
35,857209,e6ac360b-aaed-4c3b-a130-36b4c2ac9d13-000d1479,428588,c85e5be0-d8d5-4148-836f-b55e711ef373-00068a2c,0.202,3.300000000000086,"[418183, 234869, None, 429964, None]",5,"[None, None, 709245, None, 430064]",5,"[None, None, 6.052, None, 1.38]",1.38,3.7159999999999997,6.052,"[None, 234869, None, 429964, None]","[90, 90, 0, 90, 0]",0,54,90
36,857209,e6ac360b-aaed-4c3b-a130-36b4c2ac9d13-000d1479,429964,2fc77d67-1af0-4a43-aa66-c544d411df04-00068f8c,0.12,3.0000000000000004,"[418183, None, 709245, 428588, 430064]",5,"[None, 234869, None, None, None]",5,"[None, 8.779, None, None, None]",8.779,8.779,8.779,"[None, None, 709245, 428588, 430064]","[90, 0, 90, 90, 90]",0,72,90
37,857209,e6ac360b-aaed-4c3b-a130-36b4c2ac9d13-000d1479,430064,2fc77d67-1af0-4a43-aa66-c544d411df04-00068ff0,0.12,3.0000000000000004,"[418183, 234869, None, None, 429964]",5,"[None, None, 709245, 428588, None]",5,"[None, None, 4.552, 1.38, None]",1.38,2.9659999999999997,4.552,"[None, 234869, None, None, 429964]","[90, 90, 0, 0, 90]",0,54,90
38,857279,e6ac360b-aaed-4c3b-a130-36b4c2ac9d13-000d14bf,198749,ef57b02a-5e81-49e7-93bb-ae5f002d921c-0003085d,0.202,3.0000000000000004,"[176804, 977377, None, 846939, 977133, 428745, None, 424922, 418183, 697612]",10,"[None, None, 847436, None, None, None, 425745, None, None, None]",10,"[None, None, 11.786, None, None, None, 0.498, None, None, None]",0.498,6.1419999999999995,11.786,"[None, 977377, None, 846939, 977133, None, None, 424922, None, None]","[90, 90, 0, 90, 90, 90, 0, 90, 90, 90]",0,72,90
39,857279,e6ac360b-aaed-4c3b-a130-36b4c2ac9d13-000d14bf,977377,ab343b7e-3705-4b87-bacc-33c06a6cee1d-000ee9e1,0.024999999999999998,2.699999999999963,"[176804, 198749, 847436, None, None, None, 425745, None, 418183, 697612]",10,"[None, None, None, 846939, 977133, 428745, None, 424922, None, None]",10,"[None, None, None, 6.076, 6.089, 6.776, None, 3.548, None, None]",3.548,5.62225,6.776,"[None, 198749, 847436, None, None, None, 425745, None, None, None]","[90, 90, 90, 0, 0, 0, 90, 0, 90, 90]",0,54,90
40,857279,e6ac360b-aaed-4c3b-a130-36b4c2ac9d13-000d14bf,847436,98e2f96c-ccbd-4abb-a697-e7e5136106ee-000cee4c,0.024999999999999998,2.7000000000000832,"[176804, None, 977377, 846939, 977133, 428745, None, 424922, 418183, 697612]",10,"[None, 198749, None, None, None, None, 425745, None, None, None]",10,"[None, 11.786, None, None, None, None, 12.486, None, None, None]",11.786,12.136,12.486,"[None, None, 977377, 846939, 977133, None, None, 424922, None, None]","[90, 0, 90, 90, 90, 90, 0, 90, 90, 90]",0,72,90
41,857279,e6ac360b-aaed-4c3b-a130-36b4c2ac9d13-000d14bf,846939,98e2f96c-ccbd-4abb-a697-e7e5136106ee-000cec5b,0.024999999999999998,2.7000000000000832,"[176804, 198749, None, 847436, None, None, 425745, None, 418183, 697612]",10,"[None, None, 977377, None, 977133, 428745, None, 424922, None, None]",10,"[None, None, 6.076, None, -0.013, 2.888, None, 2.362, None, None]",0.0,2.8282499999999997,6.076,"[None, 198749, None, 847436, None, None, 425745, None, None, None]","[90, 90, 0, 90, 0, 0, 90, 0, 90, 90]",0,54,90
42,857279,e6ac360b-aaed-4c3b-a130-36b4c2ac9d13-000d14bf,977133,ab343b7e-3705-4b87-bacc-33c06a6cee1d-000ee8ed,0.28,3.3000000000000003,"[176804, 198749, None, 847436, None, None, 425745, None, 418183, 697612]",10,"[None, None, 977377, None, 846939, 428745, None, 424922, None, None]",10,"[None, None, 6.089, None, -0.012, 2.759, None, 2.375, None, None]",0.0,2.80275,6.089,"[None, 198749, None, 847436, None, None, 425745, None, None, None]","[90, 90, 0, 90, 0, 0, 90, 0, 90, 90]",0,54,90
43,857279,e6ac360b-aaed-4c3b-a130-36b4c2ac9d13-000d14bf,428745,c85e5be0-d8d5-4148-836f-b55e711ef373-00068ac9,0.202,3.5000000000000004,"[176804, 198749, None, 847436, None, None, 425745, None, 418183, 697612]",10,"[None, None, 977377, None, 846939, 977133, None, 424922, None, None]",10,"[None, None, 6.776, None, 2.888, 2.759, None, 3.759, None, None]",2.759,4.0455,6.776,"[None, None, None, None, None, None, None, None, None, None]","[90, 90, 0, 90, 0, 0, 90, 0, 90, 90]",0,54,90
44,857279,e6ac360b-aaed-4c3b-a130-36b4c2ac9d13-000d14bf,425745,7fcc8dca-3132-4323-9d41-faf5184b4f26-00067f11,0.1651,2.7000000000000832,"[176804, None, 977377, None, 846939, 977133, 428745, 424922, 418183, 697612]",10,"[None, 198749, None, 847436, None, None, None, None, None, None]",10,"[None, 0.498, None, 12.486, None, None, None, None, None, None]",0.498,6.492,12.486,"[None, None, 977377, None, 846939, 977133, None, 424922, None, None]","[90, 0, 90, 0, 90, 90, 90, 90, 90, 90]",0,72,90
45,857279,e6ac360b-aaed-4c3b-a130-36b4c2ac9d13-000d14bf,424922,59371552-5800-43eb-9ba3-609565158fc5-00067bda,0.1651,2.7000000000000832,"[176804, 198749, None, 847436, None, None, None, 425745, 418183, 697612]",10,"[None, None, 977377, None, 846939, 977133, 428745, None, None, None]",10,"[None, None, 3.549, None, 2.362, 2.375, 3.759, None, None, None]",2.362,3.01125,3.759,"[None, 198749, None, 847436, None, None, None, 425745, None, None]","[90, 90, 0, 90, 0, 0, 0, 90, 90, 90]",0,54,90
46,857292,e6ac360b-aaed-4c3b-a130-36b4c2ac9d13-000d14cc,424922,59371552-5800-43eb-9ba3-609565158fc5-00067bda,0.1651,2.7000000000000832,"[176804, 425745, None, None, 845266, 418183]",6,"[None, None, 977133, 428745, None, None]",6,"[None, None, 2.375, 3.759, None, None]",2.375,3.067,3.759,"[None, 425745, None, None, 845266, None]","[90, 90, 0, 0, 90, 90]",0,60,90
47,857292,e6ac360b-aaed-4c3b-a130-36b4c2ac9d13-000d14cc,425745,7fcc8dca-3132-4323-9d41-faf5184b4f26-00067f11,0.1651,2.7000000000000832,"[176804, 424922, 977133, 428745, None, 418183]",6,"[None, None, None, None, 845266, None]",6,"[None, None, None, None, 2.176, None]",2.176,2.176,2.176,"[None, 424922, 977133, None, None, None]","[90, 90, 90, 90, 0, 90]",0,75,90
48,857292,e6ac360b-aaed-4c3b-a130-36b4c2ac9d13-000d14cc,977133,ab343b7e-3705-4b87-bacc-33c06a6cee1d-000ee8ed,0.28,3.3000000000000003,"[176804, None, 425745, None, 845266, 418183]",6,"[None, 424922, None, 428745, None, None]",6,"[None, 2.375, None, 2.759, None, None]",2.375,2.567,2.759,"[None, None, 425745, None, 845266, None]","[90, 0, 90, 0, 90, 90]",0,60,90
49,857292,e6ac360b-aaed-4c3b-a130-36b4c2ac9d13-000d14cc,428745,c85e5be0-d8d5-4148-836f-b55e711ef373-00068ac9,0.202,3.5000000000000004,"[176804, None, 425745, None, 845266, 418183]",6,"[None, 424922, None, 977133, None, None]",6,"[None, 3.759, None, 2.759, None, None]",2.759,3.259,3.759,"[None, None, None, None, None, None]","[90, 0, 90, 0, 90, 90]",0,60,90
50,857292,e6ac360b-aaed-4c3b-a130-36b4c2ac9d13-000d14cc,845266,f565bef9-7d27-4781-b8d4-60f4a6034d87-000ce5d2,0.202,2.700000000000168,"[176804, 424922, None, 977133, 428745, 418183]",6,"[None, None, 425745, None, None, None]",6,"[None, None, 2.176, None, None, None]",2.176,2.176,2.176,"[None, 424922, None, 977133, None, None]","[90, 90, 0, 90, 90, 90]",0,75,90
51,857346,e6ac360b-aaed-4c3b-a130-36b4c2ac9d13-000d1502,422243,59371552-5800-43eb-9ba3-609565158fc5-00067163,0.202,2.7000000000000832,"[176804, 906885, None, 845266, 418183]",5,"[None, None, 424922, None, None]",5,"[None, None, 1.799, None, None]",1.799,1.799,1.799,"[None, 906885, None, 845266, None]","[90, 90, 0, 90, 90]",0,72,90
52,857346,e6ac360b-aaed-4c3b-a130-36b4c2ac9d13-000d1502,906885,b3a4a465-08e5-441a-bd3e-d967e546d52e-000dd685,0.1651,2.7000000000000832,"[176804, 422243, 424922, None, 418183]",5,"[None, None, None, 845266, None]",5,"[None, None, None, 1.528, None]",1.528,1.528,1.528,"[None, 422243, 424922, None, None]","[90, 90, 90, 0, 90]",0,72,90
53,857346,e6ac360b-aaed-4c3b-a130-36b4c2ac9d13-000d1502,424922,59371552-5800-43eb-9ba3-609565158fc5-00067bda,0.1651,2.7000000000000832,"[176804, None, 906885, 845266, 418183]",5,"[None, 422243, None, None, None]",5,"[None, 1.799, None, None, None]",1.799,1.799,1.799,"[None, None, 906885, 845266, None]","[90, 0, 90, 90, 90]",0,72,90
54,857346,e6ac360b-aaed-4c3b-a130-36b4c2ac9d13-000d1502,845266,f565bef9-7d27-4781-b8d4-60f4a6034d87-000ce5d2,0.202,2.700000000000168,"[176804, 422243, None, 424922, 418183]",5,"[None, None, 906885, None, None]",5,"[None, None, 1.528, None, None]",1.528,1.528,1.528,"[None, 422243, None, 424922, None]","[90, 90, 0, 90, 90]",0,72,90
55,857545,e6ac360b-aaed-4c3b-a130-36b4c2ac9d13-000d15c9,418079,72678df9-14a3-4aee-a80e-94a8e55a0926-0006611f,0.202,2.699999999999963,"[418183, 176804, None, 845266, 427092, 724430, None]",7,"[None, None, 422243, None, None, None, 428745]",7,"[None, None, 1.459, None, None, None, 6.687]",1.459,4.073,6.687,"[None, None, None, 845266, 427092, None, None]","[90, 90, 0, 90, 90, 90, 0]",0,64.286,90
56,857545,e6ac360b-aaed-4c3b-a130-36b4c2ac9d13-000d15c9,422243,59371552-5800-43eb-9ba3-609565158fc5-00067163,0.202,2.7000000000000832,"[418183, 176804, None, 845266, 427092, 724430, None]",7,"[None, None, 418079, None, None, None, 428745]",7,"[None, None, 1.459, None, None, None, 5.24]",1.459,3.3495,5.24,"[None, None, None, 845266, 427092, None, None]","[90, 90, 0, 90, 90, 90, 0]",0,64.286,90
57,857545,e6ac360b-aaed-4c3b-a130-36b4c2ac9d13-000d15c9,845266,f565bef9-7d27-4781-b8d4-60f4a6034d87-000ce5d2,0.202,2.700000000000168,"[418183, 176804, 418079, 422243, None, 724430, 428745]",7,"[None, None, None, None, 427092, None, None]",7,"[None, None, None, None, 2.959, None, None]",2.959,2.959,2.959,"[None, None, 418079, 422243, None, None, None]","[90, 90, 90, 90, 0, 90, 90]",0,77.143,90
58,857545,e6ac360b-aaed-4c3b-a130-36b4c2ac9d13-000d15c9,427092,c85e5be0-d8d5-4148-836f-b55e711ef373-00068454,0.202,3.900000000000083,"[418183, 176804, 418079, 422243, None, 724430, 428745]",7,"[None, None, None, None, 845266, None, None]",7,"[None, None, None, None, 2.959, None, None]",2.959,2.959,2.959,"[None, None, 418079, 422243, None, None, None]","[90, 90, 90, 90, 0, 90, 90]",0,77.143,90
59,857545,e6ac360b-aaed-4c3b-a130-36b4c2ac9d13-000d15c9,428745,c85e5be0-d8d5-4148-836f-b55e711ef373-00068ac9,0.202,3.5000000000000004,"[418183, 176804, None, None, 845266, 427092, 724430]",7,"[None, None, 418079, 422243, None, None, None]",7,"[None, None, 6.687, 5.24, None, None, None]",5.24,5.9635,6.687,"[None, None, None, None, None, None, None]","[90, 90, 0, 0, 90, 90, 90]",0,64.286,90
60,857552,e6ac360b-aaed-4c3b-a130-36b4c2ac9d13-000d15d0,427092,c85e5be0-d8d5-4148-836f-b55e711ef373-00068454,0.202,3.900000000000083,"[977133, None, 704275, 655533, 512683, 724430]",6,"[None, 849032, None, None, None, None]",6,"[None, 6.0, None, None, None, None]",6.0,6.0,6.0,"[977133, None, None, None, None, None]","[90, 0, 90, 90, 90, 90]",0,75,90
61,857552,e6ac360b-aaed-4c3b-a130-36b4c2ac9d13-000d15d0,977133,ab343b7e-3705-4b87-bacc-33c06a6cee1d-000ee8ed,0.28,3.3000000000000003,"[427092, 849032, None, None, 512683, 724430]",6,"[None, None, 704275, 655533, None, None]",6,"[None, None, 11.72, 12.021, None, None]",11.72,11.8705,12.021,"[427092, 849032, None, None, None, None]","[90, 90, 0, 0, 90, 90]",0,60,90
62,857552,e6ac360b-aaed-4c3b-a130-36b4c2ac9d13-000d15d0,849032,98e2f96c-ccbd-4abb-a697-e7e5136106ee-000cf488,0.202,3.90000000000023,"[None, 977133, 704275, 655533, 512683, 724430]",6,"[427092, None, None, None, None, None]",6,"[6.0, None, None, None, None, None]",6.0,6.0,6.0,"[None, 977133, None, None, None, None]","[0, 90, 90, 90, 90, 90]",0,75,90
63,857552,e6ac360b-aaed-4c3b-a130-36b4c2ac9d13-000d15d0,704275,555aa063-b8a7-4b4f-ae07-ad835f8857bb-000abf13,0.024999999999999998,2.7000000000001476,"[427092, None, 849032, None, 512683, 724430]",6,"[None, 977133, None, 655533, None, None]",6,"[None, 11.72, None, 3.138, None, None]",3.138,7.429,11.72,"[None, None, None, None, None, None]","[90, 0, 90, 0, 90, 90]",0,60,90
64,857552,e6ac360b-aaed-4c3b-a130-36b4c2ac9d13-000d15d0,655533,87beca50-3847-4f14-8281-4eb8890e91b0-000a00ad,0.202,0.5499999999998528,"[427092, None, 849032, None, 512683, 724430]",6,"[None, 977133, None, 704275, None, None]",6,"[None, 12.021, None, 3.138, None, None]",3.138,7.5795,12.021,"[None, None, None, None, None, None]","[90, 0, 90, 0, 90, 90]",0,60,90
65,906922,b3a4a465-08e5-441a-bd3e-d967e546d52e-000dd6aa,198749,ef57b02a-5e81-49e7-93bb-ae5f002d921c-0003085d,0.202,3.0000000000000004,"[176804, 424922, None, 422243, 418183]",5,"[None, None, 906885, None, None]",5,"[None, None, 1.146, None, None]",1.146,1.146,1.146,"[None, 424922, None, 422243, None]","[90, 90, 0, 90, 90]",0,72,90
66,906922,b3a4a465-08e5-441a-bd3e-d967e546d52e-000dd6aa,424922,59371552-5800-43eb-9ba3-609565158fc5-00067bda,0.1651,2.7000000000000832,"[176804, 198749, 906885, None, 418183]",5,"[None, None, None, 422243, None]",5,"[None, None, None, 1.799, None]",1.799,1.799,1.799,"[None, 198749, 906885, None, None]","[90, 90, 90, 0, 90]",0,72,90
67,906922,b3a4a465-08e5-441a-bd3e-d967e546d52e-000dd6aa,906885,b3a4a465-08e5-441a-bd3e-d967e546d52e-000dd685,0.1651,2.7000000000000832,"[176804, None, 424922, 422243, 418183]",5,"[None, 198749, None, None, None]",5,"[None, 1.146, None, None, None]",1.146,1.146,1.146,"[None, None, 424922, 422243, None]","[90, 0, 90, 90, 90]",0,72,90
68,906922,b3a4a465-08e5-441a-bd3e-d967e546d52e-000dd6aa,422243,59371552-5800-43eb-9ba3-609565158fc5-00067163,0.202,2.7000000000000832,"[176804, 198749, None, 906885, 418183]",5,"[None, None, 424922, None, None]",5,"[None, None, 1.799, None, None]",1.799,1.799,1.799,"[None, 198749, None, 906885, None]","[90, 90, 0, 90, 90]",0,72,90
69,940325,bac06658-19d8-494b-b87a-559081499f8f-000e5925,430064,2fc77d67-1af0-4a43-aa66-c544d411df04-00068ff0,0.12,3.0000000000000004,"[418183, 430318, None, 938974]",4,"[None, None, 939084, None]",4,"[None, None, 0.588, None]",0.588,0.588,0.588,"[None, 430318, None, 938974]","[90, 90, 0, 90]",0,67.5,90
70,940325,bac06658-19d8-494b-b87a-559081499f8f-000e5925,430318,2fc77d67-1af0-4a43-aa66-c544d411df04-000690ee,0.12,3.0000000000000004,"[418183, 430064, 939084, None]",4,"[None, None, None, 938974]",4,"[None, None, None, 2.375]",2.375,2.375,2.375,"[None, 430064, 939084, None]","[90, 90, 90, 0]",0,67.5,90
71,940325,bac06658-19d8-494b-b87a-559081499f8f-000e5925,939084,bac06658-19d8-494b-b87a-559081499f8f-000e544c,0.12,3.0000000000000004,"[418183, None, 430318, 938974]",4,"[None, 430064, None, None]",4,"[None, 0.588, None, None]",0.588,0.588,0.588,"[None, None, 430318, 938974]","[90, 0, 90, 90]",0,67.5,90
72,940325,bac06658-19d8-494b-b87a-559081499f8f-000e5925,938974,bac06658-19d8-494b-b87a-559081499f8f-000e53de,0.12,3.0000000000000004,"[418183, 430064, None, 939084]",4,"[None, None, 430318, None]",4,"[None, None, 2.375, None]",2.375,2.375,2.375,"[None, 430064, None, 939084]","[90, 90, 0, 90]",0,67.5,90
